question,answer
バイナリ解析とは何ですか？,バイナリ解析は、ソフトウェアの内部詳細を明確化するために、実行ファイルを解析するプロセスです。
バイナリ解析に使用されるツールは何ですか？,IDA、OllyDbg、gdb、PE Bear、radare2などが使用されます。
リバースエンジニアリングとは何ですか？,リバースエンジニアリングは、製品の設計や仕様を明確にするために、逆アセンブリを行う行為です。
radare2とは何ですか？,radare2は、バイナリ解析を行うためのオープンソースのフレームワークです。
リバースエンジニアリングは合法ですか？,脆弱性診断のためのリバースエンジニアリングは合法ですが、著作権や特許に違反する場合は違法となることがあります。
ELFファイルとは何ですか？,ELFはExecutable and Linking Formatの略で、Linux上で実行可能なバイナリ形式です。
アセンブリ言語とは何ですか？,アセンブリ言語は、機械語と一対一に対応する低レベルのプログラミング言語です。
レジスタとは何ですか？,レジスタは、CPU内に存在する高速な記憶装置で、演算に使用されるデータが格納されます。
スタックとは何ですか？,スタックは、後入れ先出しのデータ構造で、関数呼び出し時に引数や戻り先アドレスを保存します。
mov命令は何をしますか？,mov命令は、データを一つの場所から別の場所に移動させます。
push命令は何をしますか？,push命令は、データをスタックに保存します。
pop命令は何をしますか？,pop命令は、スタックからデータを取り出します。
cmp命令は何をしますか？,cmp命令は、2つのオペランドを比較します。
jmp命令は何をしますか？,jmp命令は、プログラムの実行を指定したアドレスにジャンプさせます。
Hyper-Vとは何ですか？,Hyper-Vは、Windows上で仮想環境を構築するための仮想化技術です。
仮想マシンとは何ですか？,仮想マシンは、物理コンピュータ上でソフトウェア的に構築された仮想のコンピュータ環境です。
Vagrantとは何ですか？,Vagrantは、仮想環境の構築と管理を簡単にするツールです。
VirtualBoxとは何ですか？,VirtualBoxは、PC上に仮想的なPCを作成して別のOSをインストールできるソフトウェアです。
Ubuntuとは何ですか？,Ubuntuは、人気のあるLinuxディストリビューションの一つです。
静的解析とは何ですか？,静的解析は、プログラムを実行せずにそのコードを解析する手法です。
動的解析とは何ですか？,動的解析は、プログラムを実行しながらその挙動を解析する手法です。
ELFファイルのエントリーポイントとは何ですか？,ELFファイルのエントリーポイントは、プログラムが実行を開始するアドレスです。
readelfコマンドは何をしますか？,readelfコマンドは、ELFファイルの内部構造を表示するために使用されます。
ファイルコマンドは何をしますか？,ファイルコマンドは、ファイルの種類を判定するために使用されます。
スタックオーバーフローとは何ですか？,スタックオーバーフローは、スタックの領域を超えてデータが書き込まれることによって発生するエラーです。
デコンパイルとは何ですか？,デコンパイルは、バイナリコードをより高レベルのコードに変換するプロセスです。
ブレークポイントとは何ですか？,ブレークポイントは、プログラムの特定のポイントで実行を一時停止するためのデバッグツールです。
radare2のaaaコマンドは何をしますか？,aaaコマンドは、バイナリファイルの詳細な解析を実行するためのコマンドです。
セグメントレジスタとは何ですか？,セグメントレジスタは、特定のメモリセグメントを指し示すために使用されるレジスタです。
逆アセンブリとは何ですか？,逆アセンブリは、機械語のプログラムをアセンブリ言語に変換するプロセスです。
アセンブリのadd命令は何をしますか？,add命令は、2つの値を加算し、その結果を格納します。
アセンブリのsub命令は何をしますか？,sub命令は、2つの値を減算し、その結果を格納します。
